{"x_1": {"default": 309.96466666666663, "estimated": 311.5733333333333, "difference": -1.608666666666693, "threshold": 2.5, "target": 1, "result": 0}, "y_1": {"default": 869.9499999999999, "estimated": 870.8813333333333, "difference": -0.9313333333333276, "threshold": 2.5, "target": 1, "result": 0}, "x_2": {"default": 119.97266666666667, "estimated": 121.666, "difference": -1.693333333333328, "threshold": 2.5, "target": 1, "result": 0}, "y_2": {"default": 869.9499999999999, "estimated": 871.0506666666666, "difference": -1.1006666666667115, "threshold": 2.5, "target": 1, "result": 0}, "x_3": {"default": 869.9499999999999, "estimated": 868.5953333333333, "difference": 1.354666666666617, "threshold": 2.5, "target": 1, "result": 0}, "y_3": {"default": 869.9499999999999, "estimated": 868.0873333333333, "difference": 1.8626666666666551, "threshold": 2.5, "target": 1, "result": 0}, "x_4": {"default": 119.97266666666667, "estimated": 120.142, "difference": -0.16933333333332712, "threshold": 2.5, "target": 1, "result": 0}, "y_4": {"default": 689.9486666666667, "estimated": 680.212, "difference": 9.736666666666679, "threshold": 2.5, "target": 1, "result": 1}, "x_5": {"default": 119.97266666666667, "estimated": 119.54933333333334, "difference": 0.423333333333332, "threshold": 2.5, "target": 1, "result": 0}, "y_5": {"default": 499.95666666666665, "estimated": 489.54266666666666, "difference": 10.413999999999987, "threshold": 2.5, "target": 1, "result": 1}, "x_6": {"default": 689.9486666666667, "estimated": 688.6786666666667, "difference": 1.2699999999999818, "threshold": 2.5, "target": 1, "result": 0}, "y_6": {"default": 869.9499999999999, "estimated": 868.172, "difference": 1.7779999999999063, "threshold": 2.5, "target": 1, "result": 0}, "x_7": {"default": 869.9499999999999, "estimated": 867.2406666666667, "difference": 2.709333333333234, "threshold": 2.5, "target": 1, "result": 1}, "y_7": {"default": 119.97266666666667, "estimated": 118.70266666666666, "difference": 1.2700000000000102, "threshold": 2.5, "target": 1, "result": 0}, "x_8": {"default": 119.97266666666667, "estimated": 119.12599999999999, "difference": 0.8466666666666782, "threshold": 2.5, "target": 1, "result": 0}, "y_8": {"default": 309.96466666666663, "estimated": 299.974, "difference": 9.990666666666641, "threshold": 2.5, "target": 1, "result": 1}, "x_9": {"default": 499.95666666666665, "estimated": 500.63399999999996, "difference": -0.6773333333333085, "threshold": 2.5, "target": 1, "result": 0}, "y_9": {"default": 869.9499999999999, "estimated": 868.8493333333333, "difference": 1.1006666666665978, "threshold": 2.5, "target": 1, "result": 0}, "x_10": {"default": 869.9499999999999, "estimated": 867.918, "difference": 2.0319999999999254, "threshold": 2.5, "target": 1, "result": 0}, "y_10": {"default": 309.96466666666663, "estimated": 298.87333333333333, "difference": 11.091333333333296, "threshold": 2.5, "target": 1, "result": 1}, "x_11": {"default": 869.9499999999999, "estimated": 868.68, "difference": 1.2699999999999818, "threshold": 2.5, "target": 1, "result": 0}, "y_11": {"default": 499.95666666666665, "estimated": 489.6273333333333, "difference": 10.329333333333352, "threshold": 2.5, "target": 1, "result": 1}, "x_12": {"default": 869.9499999999999, "estimated": 870.0346666666667, "difference": -0.08466666666674882, "threshold": 2.5, "target": 1, "result": 0}, "y_12": {"default": 689.9486666666667, "estimated": 678.6033333333334, "difference": 11.345333333333315, "threshold": 2.5, "target": 1, "result": 1}, "x_13": {"default": 309.96466666666663, "estimated": 308.356, "difference": 1.608666666666636, "threshold": 2.5, "target": 1, "result": 0}, "y_13": {"default": 119.97266666666667, "estimated": 121.75066666666666, "difference": -1.7779999999999916, "threshold": 2.5, "target": 1, "result": 0}, "x_14": {"default": 119.97266666666667, "estimated": 119.88799999999999, "difference": 0.08466666666667777, "threshold": 2.5, "target": 1, "result": 0}, "y_14": {"default": 119.97266666666667, "estimated": 120.98866666666666, "difference": -1.0159999999999911, "threshold": 2.5, "target": 1, "result": 0}, "x_15": {"default": 689.9486666666667, "estimated": 688.5939999999999, "difference": 1.3546666666667306, "threshold": 2.5, "target": 1, "result": 0}, "y_15": {"default": 119.97266666666667, "estimated": 119.97266666666667, "difference": 0.0, "threshold": 2.5, "target": 1, "result": 0}, "x_16": {"default": 499.95666666666665, "estimated": 499.44866666666667, "difference": 0.5079999999999814, "threshold": 2.5, "target": 1, "result": 0}, "y_16": {"default": 119.97266666666667, "estimated": 119.634, "difference": 0.33866666666666845, "threshold": 2.5, "target": 1, "result": 0}}